Workbook

Sheet Per-Class Metrics
A1: Per-class precision, recall and F1
A2: All values are formulas on the Confusion Matrix sheet. Yellow rows = F1 below 0.90.
A4: Class | B4: Correct (TP) | C4: Support (true images) | D4: Predicted as this class | E4: Precision | F4: Recall | G4: F1
A5: maize_common_rust | B5: =INDEX('Confusion Matrix'!$B$5:$O$18,1,1) -> 57 | C5: =SUM('Confusion Matrix'!$B$5:$O$5) -> 57 | D5: =SUM('Confusion Matrix'!$B$5:$B$18) -> 57 | E5: =IF(D5=0,0,B5/D5) -> 1 | F5: =IF(C5=0,0,B5/C5) -> 1 | G5: =IF(E5+F5=0,0,2*E5*F5/(E5+F5)) -> 1
A6: maize_gray_leaf_spot | B6: =INDEX('Confusion Matrix'!$B$5:$O$18,2,2) -> 70 | C6: =SUM('Confusion Matrix'!$B$6:$O$6) -> 77 | D6: =SUM('Confusion Matrix'!$C$5:$C$18) -> 71 | E6: =IF(D6=0,0,B6/D6) -> 0.98591549 | F6: =IF(C6=0,0,B6/C6) -> 0.90909091 | G6: =IF(E6+F6=0,0,2*E6*F6/(E6+F6)) -> 0.94594595
A7: maize_healthy | B7: =INDEX('Confusion Matrix'!$B$5:$O$18,3,3) -> 88 | C7: =SUM('Confusion Matrix'!$B$7:$O$7) -> 88 | D7: =SUM('Confusion Matrix'!$D$5:$D$18) -> 90 | E7: =IF(D7=0,0,B7/D7) -> 0.97777778 | F7: =IF(C7=0,0,B7/C7) -> 1 | G7: =IF(E7+F7=0,0,2*E7*F7/(E7+F7)) -> 0.98876404
A8: maize_northern_leaf_blight | B8: =INDEX('Confusion Matrix'!$B$5:$O$18,4,4) -> 44 | C8: =SUM('Confusion Matrix'!$B$8:$O$8) -> 45 | D8: =SUM('Confusion Matrix'!$E$5:$E$18) -> 52 | E8: =IF(D8=0,0,B8/D8) -> 0.84615385 | F8: =IF(C8=0,0,B8/C8) -> 0.97777778 | G8: =IF(E8+F8=0,0,2*E8*F8/(E8+F8)) -> 0.90721649
A9: potato_early_blight | B9: =INDEX('Confusion Matrix'!$B$5:$O$18,5,5) -> 211 | C9: =SUM('Confusion Matrix'!$B$9:$O$9) -> 211 | D9: =SUM('Confusion Matrix'!$F$5:$F$18) -> 211 | E9: =IF(D9=0,0,B9/D9) -> 1 | F9: =IF(C9=0,0,B9/C9) -> 1 | G9: =IF(E9+F9=0,0,2*E9*F9/(E9+F9)) -> 1
A10: potato_healthy | B10: =INDEX('Confusion Matrix'!$B$5:$O$18,6,6) -> 129 | C10: =SUM('Confusion Matrix'!$B$10:$O$10) -> 129 | D10: =SUM('Confusion Matrix'!$G$5:$G$18) -> 131 | E10: =IF(D10=0,0,B10/D10) -> 0.98473282 | F10: =IF(C10=0,0,B10/C10) -> 1 | G10: =IF(E10+F10=0,0,2*E10*F10/(E10+F10)) -> 0.99230769
A11: potato_late_blight | B11: =INDEX('Confusion Matrix'!$B$5:$O$18,7,7) -> 196 | C11: =SUM('Confusion Matrix'!$B$11:$O$11) -> 198 | D11: =SUM('Confusion Matrix'!$H$5:$H$18) -> 196 | E11: =IF(D11=0,0,B11/D11) -> 1 | F11: =IF(C11=0,0,B11/C11) -> 0.98989899 | G11: =IF(E11+F11=0,0,2*E11*F11/(E11+F11)) -> 0.99492386
A12: rice_brown_spot | B12: =INDEX('Confusion Matrix'!$B$5:$O$18,8,8) -> 73 | C12: =SUM('Confusion Matrix'!$B$12:$O$12) -> 92 | D12: =SUM('Confusion Matrix'!$I$5:$I$18) -> 90 | E12: =IF(D12=0,0,B12/D12) -> 0.81111111 | F12: =IF(C12=0,0,B12/C12) -> 0.79347826 | G12: =IF(E12+F12=0,0,2*E12*F12/(E12+F12)) -> 0.8021978
A13: rice_healthy | B13: =INDEX('Confusion Matrix'!$B$5:$O$18,9,9) -> 162 | C13: =SUM('Confusion Matrix'!$B$13:$O$13) -> 168 | D13: =SUM('Confusion Matrix'!$J$5:$J$18) -> 190 | E13: =IF(D13=0,0,B13/D13) -> 0.85263158 | F13: =IF(C13=0,0,B13/C13) -> 0.96428571 | G13: =IF(E13+F13=0,0,2*E13*F13/(E13+F13)) -> 0.90502793
A14: rice_leaf_blast | B14: =INDEX('Confusion Matrix'!$B$5:$O$18,10,10) -> 106 | C14: =SUM('Confusion Matrix'!$B$14:$O$14) -> 139 | D14: =SUM('Confusion Matrix'!$K$5:$K$18) -> 120 | E14: =IF(D14=0,0,B14/D14) -> 0.88333333 | F14: =IF(C14=0,0,B14/C14) -> 0.76258993 | G14: =IF(E14+F14=0,0,2*E14*F14/(E14+F14)) -> 0.81853282
A15: rice_neck_blast | B15: =INDEX('Confusion Matrix'!$B$5:$O$18,11,11) -> 136 | C15: =SUM('Confusion Matrix'!$B$15:$O$15) -> 137 | D15: =SUM('Confusion Matrix'!$L$5:$L$18) -> 136 | E15: =IF(D15=0,0,B15/D15) -> 1 | F15: =IF(C15=0,0,B15/C15) -> 0.99270073 | G15: =IF(E15+F15=0,0,2*E15*F15/(E15+F15)) -> 0.996337
A16: wheat_brown_rust | B16: =INDEX('Confusion Matrix'!$B$5:$O$18,12,12) -> 131 | C16: =SUM('Confusion Matrix'!$B$16:$O$16) -> 133 | D16: =SUM('Confusion Matrix'!$M$5:$M$18) -> 134 | E16: =IF(D16=0,0,B16/D16) -> 0.97761194 | F16: =IF(C16=0,0,B16/C16) -> 0.98496241 | G16: =IF(E16+F16=0,0,2*E16*F16/(E16+F16)) -> 0.98127341
A17: wheat_healthy | B17: =INDEX('Confusion Matrix'!$B$5:$O$18,13,13) -> 166 | C17: =SUM('Confusion Matrix'!$B$17:$O$17) -> 167 | D17: =SUM('Confusion Matrix'!$N$5:$N$18) -> 166 | E17: =IF(D17=0,0,B17/D17) -> 1 | F17: =IF(C17=0,0,B17/C17) -> 0.99401198 | G17: =IF(E17+F17=0,0,2*E17*F17/(E17+F17)) -> 0.996997
A18: wheat_yellow_rust | B18: =INDEX('Confusion Matrix'!$B$5:$O$18,14,14) -> 134 | C18: =SUM('Confusion Matrix'!$B$18:$O$18) -> 138 | D18: =SUM('Confusion Matrix'!$O$5:$O$18) -> 135 | E18: =IF(D18=0,0,B18/D18) -> 0.99259259 | F18: =IF(C18=0,0,B18/C18) -> 0.97101449 | G18: =IF(E18+F18=0,0,2*E18*F18/(E18+F18)) -> 0.98168498
A20: Overall | C20: Images | E20: Precision | F20: Recall | G20: F1
A21: Accuracy | C21: =SUM(C5:C18) -> 1779 | E21: =SUM(B5:B18)/SUM(C5:C18) -> 0.95727937
A22: Macro average | C22: =SUM(C5:C18) -> 1779 | E22: =AVERAGE(E5:E18) -> 0.95084718 | F22: =AVERAGE(F5:F18) -> 0.95284366 | G22: =AVERAGE(G5:G18) -> 0.95080064
A23: Weighted average | C23: =SUM(C5:C18) -> 1779 | E23: =SUMPRODUCT(E5:E18,C5:C18)/SUM(C5:C18) -> 0.95824352 | F23: =SUMPRODUCT(F5:F18,C5:C18)/SUM(C5:C18) -> 0.95727937 | G23: =SUMPRODUCT(G5:G18,C5:C18)/SUM(C5:C18) -> 0.95687349
A24: Headline metric for the report: macro F1 (highlighted). Re-run evaluate_model.py after training finishes and paste the new counts into the Confusion Matrix sheet.

Sheet Error Breakdown
A1: Where the errors come from
A2: Counts are COUNTIFS formulas on the Misclassified Images sheet, sorted by count.
A4: True class | B4: Predicted as | C4: Count | D4: Share of all errors | E4: Note
A5: rice_leaf_blast | B5: rice_healthy | C5: =COUNTIFS('Misclassified Images'!$B$5:$B$80,A5,'Misclassified Images'!$C$5:$C$80,B5) -> 20 | D5: =C5/$C$20 -> 0.26315789 | E5: Diseased leaf called healthy: no treatment would be advised
A6: rice_leaf_blast | B6: rice_brown_spot | C6: =COUNTIFS('Misclassified Images'!$B$5:$B$80,A6,'Misclassified Images'!$C$5:$C$80,B6) -> 13 | D6: =C6/$C$20 -> 0.17105263 | E6: Similar small brown lesions on narrow leaves
A7: rice_brown_spot | B7: rice_leaf_blast | C7: =COUNTIFS('Misclassified Images'!$B$5:$B$80,A7,'Misclassified Images'!$C$5:$C$80,B7) -> 11 | D7: =C7/$C$20 -> 0.14473684 | E7: Similar small brown lesions on narrow leaves
A8: rice_brown_spot | B8: rice_healthy | C8: =COUNTIFS('Misclassified Images'!$B$5:$B$80,A8,'Misclassified Images'!$C$5:$C$80,B8) -> 8 | D8: =C8/$C$20 -> 0.10526316 | E8: Diseased leaf called healthy: no treatment would be advised
A9: maize_gray_leaf_spot | B9: maize_northern_leaf_blight | C9: =COUNTIFS('Misclassified Images'!$B$5:$B$80,A9,'Misclassified Images'!$C$5:$C$80,B9) -> 7 | D9: =C9/$C$20 -> 0.092105263 | E9: Both cause elongated grey/tan lesions
A10: rice_healthy | B10: rice_brown_spot | C10: =COUNTIFS('Misclassified Images'!$B$5:$B$80,A10,'Misclassified Images'!$C$5:$C$80,B10) -> 3 | D10: =C10/$C$20 -> 0.039473684
A11: rice_healthy | B11: rice_leaf_blast | C11: =COUNTIFS('Misclassified Images'!$B$5:$B$80,A11,'Misclassified Images'!$C$5:$C$80,B11) -> 3 | D11: =C11/$C$20 -> 0.039473684
A12: wheat_yellow_rust | B12: wheat_brown_rust | C12: =COUNTIFS('Misclassified Images'!$B$5:$B$80,A12,'Misclassified Images'!$C$5:$C$80,B12) -> 3 | D12: =C12/$C$20 -> 0.039473684
A13: potato_late_blight | B13: potato_healthy | C13: =COUNTIFS('Misclassified Images'!$B$5:$B$80,A13,'Misclassified Images'!$C$5:$C$80,B13) -> 2 | D13: =C13/$C$20 -> 0.026315789 | E13: Diseased leaf called healthy: no treatment would be advised
A14: maize_northern_leaf_blight | B14: maize_gray_leaf_spot | C14: =COUNTIFS('Misclassified Images'!$B$5:$B$80,A14,'Misclassified Images'!$C$5:$C$80,B14) -> 1 | D14: =C14/$C$20 -> 0.013157895
A15: rice_neck_blast | B15: rice_brown_spot | C15: =COUNTIFS('Misclassified Images'!$B$5:$B$80,A15,'Misclassified Images'!$C$5:$C$80,B15) -> 1 | D15: =C15/$C$20 -> 0.013157895
A16: wheat_brown_rust | B16: maize_healthy | C16: =COUNTIFS('Misclassified Images'!$B$5:$B$80,A16,'Misclassified Images'!$C$5:$C$80,B16) -> 1 | D16: =C16/$C$20 -> 0.013157895 | E16: Wrong crop predicted
A17: wheat_brown_rust | B17: wheat_yellow_rust | C17: =COUNTIFS('Misclassified Images'!$B$5:$B$80,A17,'Misclassified Images'!$C$5:$C$80,B17) -> 1 | D17: =C17/$C$20 -> 0.013157895
A18: wheat_healthy | B18: maize_northern_leaf_blight | C18: =COUNTIFS('Misclassified Images'!$B$5:$B$80,A18,'Misclassified Images'!$C$5:$C$80,B18) -> 1 | D18: =C18/$C$20 -> 0.013157895 | E18: Wrong crop predicted
A19: wheat_yellow_rust | B19: maize_healthy | C19: =COUNTIFS('Misclassified Images'!$B$5:$B$80,A19,'Misclassified Images'!$C$5:$C$80,B19) -> 1 | D19: =C19/$C$20 -> 0.013157895 | E19: Wrong crop predicted
A20: Total errors | C20: =SUM(C5:C19) -> 76 | D20: =SUM(D5:D19) -> 1
A22: Key figures
A23: Errors within rice | C23: =COUNTIFS('Misclassified Images'!$B$5:$B$80,"rice_*") -> 59 | E23: Rice is the weak spot
A24: Diseased leaf predicted healthy | C24: =COUNTIFS('Misclassified Images'!$C$5:$C$80,"*_healthy",'Misclassified Images'!$B$5:$B$80,"<>*_healthy") -> 32 | E24: Most costly error: no treatment advised
A25: Wrong crop predicted | C25: =SUMPRODUCT(--(LEFT('Misclassified Images'!$B$5:$B$80,4)<>LEFT('Misclassified Images'!$C$5:$C$80,4))) -> 3 | E25: Crop is almost always identified correctly

Sheet Confusion Matrix
A1: Test-set confusion matrix (counts)
A2: Rows = true class, columns = predicted class. Source: evaluation/evaluate_model.py on data/processed/test (1,779 images), model yolo11m_staples_480_split70 best.pt (epoch-12 checkpoint), run 13 Oct 2026.
A4: True \ Predicted | B4: maize_common_rust | C4: maize_gray_leaf_spot | D4: maize_healthy | E4: maize_northern_leaf_blight | F4: potato_early_blight | G4: potato_healthy | H4: potato_late_blight | I4: rice_brown_spot | J4: rice_healthy | K4: rice_leaf_blast | L4: rice_neck_blast | M4: wheat_brown_rust | N4: wheat_healthy | O4: wheat_yellow_rust
A5: maize_common_rust | B5: 57 | C5: 0 | D5: 0 | E5: 0 | F5: 0 | G5: 0 | H5: 0 | I5: 0 | J5: 0 | K5: 0 | L5: 0 | M5: 0 | N5: 0 | O5: 0
A6: maize_gray_leaf_spot | B6: 0 | C6: 70 | D6: 0 | E6: 7 | F6: 0 | G6: 0 | H6: 0 | I6: 0 | J6: 0 | K6: 0 | L6: 0 | M6: 0 | N6: 0 | O6: 0
A7: maize_healthy | B7: 0 | C7: 0 | D7: 88 | E7: 0 | F7: 0 | G7: 0 | H7: 0 | I7: 0 | J7: 0 | K7: 0 | L7: 0 | M7: 0 | N7: 0 | O7: 0
A8: maize_northern_leaf_blight | B8: 0 | C8: 1 | D8: 0 | E8: 44 | F8: 0 | G8: 0 | H8: 0 | I8: 0 | J8: 0 | K8: 0 | L8: 0 | M8: 0 | N8: 0 | O8: 0
A9: potato_early_blight | B9: 0 | C9: 0 | D9: 0 | E9: 0 | F9: 211 | G9: 0 | H9: 0 | I9: 0 | J9: 0 | K9: 0 | L9: 0 | M9: 0 | N9: 0 | O9: 0
A10: potato_healthy | B10: 0 | C10: 0 | D10: 0 | E10: 0 | F10: 0 | G10: 129 | H10: 0 | I10: 0 | J10: 0 | K10: 0 | L10: 0 | M10: 0 | N10: 0 | O10: 0
A11: potato_late_blight | B11: 0 | C11: 0 | D11: 0 | E11: 0 | F11: 0 | G11: 2 | H11: 196 | I11: 0 | J11: 0 | K11: 0 | L11: 0 | M11: 0 | N11: 0 | O11: 0
A12: rice_brown_spot | B12: 0 | C12: 0 | D12: 0 | E12: 0 | F12: 0 | G12: 0 | H12: 0 | I12: 73 | J12: 8 | K12: 11 | L12: 0 | M12: 0 | N12: 0 | O12: 0
A13: rice_healthy | B13: 0 | C13: 0 | D13: 0 | E13: 0 | F13: 0 | G13: 0 | H13: 0 | I13: 3 | J13: 162 | K13: 3 | L13: 0 | M13: 0 | N13: 0 | O13: 0
A14: rice_leaf_blast | B14: 0 | C14: 0 | D14: 0 | E14: 0 | F14: 0 | G14: 0 | H14: 0 | I14: 13 | J14: 20 | K14: 106 | L14: 0 | M14: 0 | N14: 0 | O14: 0
A15: rice_neck_blast | B15: 0 | C15: 0 | D15: 0 | E15: 0 | F15: 0 | G15: 0 | H15: 0 | I15: 1 | J15: 0 | K15: 0 | L15: 136 | M15: 0 | N15: 0 | O15: 0
A16: wheat_brown_rust | B16: 0 | C16: 0 | D16: 1 | E16: 0 | F16: 0 | G16: 0 | H16: 0 | I16: 0 | J16: 0 | K16: 0 | L16: 0 | M16: 131 | N16: 0 | O16: 1
... A18: wheat_yellow_rust | B18: 0 | C18: 0 | D18: 1 | E18: 0 | F18: 0 | G18: 0 | H18: 0 | I18: 0 | J18: 0 | K18: 0 | L18: 0 | M18: 3 | N18: 0 | O18: 134

Sheet Misclassified Images
A1: Misclassified test images
A2: From reports/evaluation_yolo11m_staples_480_split70/misclassified.csv. Paths are relative to the project folder.
A4: Image | B4: True class | C4: Predicted class
A5: data/processed/test/maize_gray_leaf_spot/image (171).JPG | B5: maize_gray_leaf_spot | C5: maize_northern_leaf_blight
A6: data/processed/test/maize_gray_leaf_spot/image (267).JPG | B6: maize_gray_leaf_spot | C6: maize_northern_leaf_blight
A7: data/processed/test/maize_gray_leaf_spot/image (31).jpg | B7: maize_gray_leaf_spot | C7: maize_northern_leaf_blight
A8: data/processed/test/maize_gray_leaf_spot/image (312).JPG | B8: maize_gray_leaf_spot | C8: maize_northern_leaf_blight
A9: data/processed/test/maize_gray_leaf_spot/image (473).JPG | B9: maize_gray_leaf_spot | C9: maize_northern_leaf_blight
A10: data/processed/test/maize_gray_leaf_spot/image (499).JPG | B10: maize_gray_leaf_spot | C10: maize_northern_leaf_blight
A11: data/processed/test/maize_gray_leaf_spot/image (79).JPG | B11: maize_gray_leaf_spot | C11: maize_northern_leaf_blight
A12: data/processed/test/maize_northern_leaf_blight/image (895).JPG | B12: maize_northern_leaf_blight | C12: maize_gray_leaf_spot
A13: data/processed/test/potato_late_blight/new_potato_late_blight_train_00225.jpg | B13: potato_late_blight | C13: potato_healthy
A14: data/processed/test/potato_late_blight/new_potato_late_blight_train_00872.jpg | B14: potato_late_blight | C14: potato_healthy
A15: data/processed/test/rice_brown_spot/IMG_20190419_095715.jpg | B15: rice_brown_spot | C15: rice_healthy
... A80: data/processed/test/wheat_yellow_rust/Yellow_rust906.jpg | B80: wheat_yellow_rust | C80: maize_healthy
